template_id,domain_type,template_name,required_sections,directives,constraints,output_format,tone_policy,risk_baseline
TPL_PROJECT_SPEC_V1,project_spec,Project Spec v1,Goal|Inputs Required|Directives|Constraints|Output Format|Tone Policy|System Metrics,Clarify goal+audience then specify deliverable,No invented facts; ask missing info,Markdown with fixed headings,Clear and practical,low
TPL_ENGINEERING_V1,engineering,Engineering Spec v1,Goal|Inputs Required|Directives|Constraints|Output Format|Tone Policy|System Metrics,Request minimal repro + propose steps,No execution claims; no tool usage,Markdown + checklists,Precise and cautious,medium
TPL_CREATIVE_V1,creative,Creative Spec v1,Goal|Inputs Required|Directives|Constraints|Output Format|Tone Policy|System Metrics,Define style + constraints + variation knobs,Avoid clich√©s; stay within constraints,Markdown + examples blocks,Playful but controlled,low
TPL_PERSONA_V1,persona,Persona Spec v1,Goal|Inputs Required|Directives|Constraints|Output Format|Tone Policy|System Metrics,Specify voice+boundaries+behaviors,No unsafe roleplay; no external claims,Markdown + bullets,Distinct and consistent,low
TPL_DECISION_V1,decision_analysis,Decision Spec v1,Goal|Inputs Required|Directives|Constraints|Output Format|Tone Policy|System Metrics,Define options + criteria + scoring,No false certainty; show assumptions,Markdown + tables,Neutral and analytical,medium
TPL_SUPPORT_V1,customer_support,Support Spec v1,Goal|Inputs Required|Directives|Constraints|Output Format|Tone Policy|System Metrics,Ask for order/account context then resolve,No policy invention; avoid blame,Markdown with short response blocks,Empathetic and clear,medium
TPL_RESEARCH_SUMMARY_V1,research_summary,Research Summary v1,Goal|Inputs Required|Directives|Constraints|Output Format|Tone Policy|System Metrics,Extract key claims + limitations,No fabricated citations; mark uncertainty,Markdown with citations placeholder,Scholarly but readable,medium
TPL_DATA_OPS_V1,data_ops,Data Ops Spec v1,Goal|Inputs Required|Directives|Constraints|Output Format|Tone Policy|System Metrics,Define transformations + validation plan,No execution claims; preserve schema,Markdown + QA checklist,Methodical and exact,medium
TPL_MARKETING_COPY_V1,marketing_copy,Marketing Copy v1,Goal|Inputs Required|Directives|Constraints|Output Format|Tone Policy|System Metrics,Positioning + messages + variants,No unverifiable claims; no hype inflation,Markdown sections for copy,Confident and crisp,low
TPL_LEGAL_COMMS_V1,legal_comms,Legal Comms Draft v1,Goal|Inputs Required|Directives|Constraints|Output Format|Tone Policy|System Metrics,Draft neutral message + disclaimers,Not legal advice; avoid threats,Markdown letter format,Formal and restrained,high
TPL_API_DESIGN_V1,engineering,API Design Spec v1,Goal|Inputs Required|Directives|Constraints|Output Format|Tone Policy|System Metrics,Define endpoints + contracts + error cases,No breaking changes; no hidden assumptions,Markdown with tables,Clear and systematic,medium
TPL_CODE_REVIEW_V1,engineering,Code Review Spec v1,Goal|Inputs Required|Directives|Constraints|Output Format|Tone Policy|System Metrics,Assess correctness + readability + risks,No execution claims; cite lines only,Markdown checklist,Constructive and precise,medium
TPL_ARCH_REVIEW_V1,engineering,Architecture Review v1,Goal|Inputs Required|Directives|Constraints|Output Format|Tone Policy|System Metrics,Map components + data flow + risks,No redesign without constraints,Markdown diagrams (ASCII),Analytical and cautious,medium
TPL_BUG_TRIAGE_V1,engineering,Bug Triage Spec v1,Goal|Inputs Required|Directives|Constraints|Output Format|Tone Policy|System Metrics,Reproduce + classify + prioritize,No root-cause claims without evidence,Markdown table,Neutral and factual,medium
TPL_SECURITY_REVIEW_V1,engineering,Security Review Spec v1,Goal|Inputs Required|Directives|Constraints|Output Format|Tone Policy|System Metrics,Identify threat surfaces + mitigations,No exploit instructions,Markdown risk table,Serious and restrained,high
TPL_SYSTEM_DESIGN_V1,engineering,System Design Spec v1,Goal|Inputs Required|Directives|Constraints|Output Format|Tone Policy|System Metrics,Clarify scale + tradeoffs + assumptions,No magic scaling claims,Markdown structured doc,Professional and exact,medium
TPL_CONTENT_BRIEF_V1,creative,Content Brief v1,Goal|Inputs Required|Directives|Constraints|Output Format|Tone Policy|System Metrics,Align message + audience + channel,Avoid vague goals,Markdown outline,Creative but grounded,low
TPL_BRAND_VOICE_V1,creative,Brand Voice Spec v1,Goal|Inputs Required|Directives|Constraints|Output Format|Tone Policy|System Metrics,Define tone rules + do/don'ts,No imitation of real brands,Markdown bullets,Distinct and consistent,low
TPL_VISUAL_ID_V1,creative,Visual Identity Spec v1,Goal|Inputs Required|Directives|Constraints|Output Format|Tone Policy|System Metrics,Define colors + typography + usage,No trademark conflicts,Markdown + swatches list,Clear and aesthetic,low
TPL_STORYBOARD_V1,creative,Storyboard Spec v1,Goal|Inputs Required|Directives|Constraints|Output Format|Tone Policy|System Metrics,Sequence scenes + intent,No cinematic guarantees,Markdown scene list,Evocative but precise,low
TPL_NAMING_V1,creative,Naming Spec v1,Goal|Inputs Required|Directives|Constraints|Output Format|Tone Policy|System Metrics,Generate options + rationale,Avoid existing trademarks,Markdown table,Playful but reasoned,low
TPL_USER_PERSONA_V1,persona,User Persona Spec v1,Goal|Inputs Required|Directives|Constraints|Output Format|Tone Policy|System Metrics,Define archetypes + motivations,No demographic stereotyping,Markdown profiles,Empathetic and neutral,low
TPL_AGENT_PERSONA_V1,persona,Agent Persona Spec v1,Goal|Inputs Required|Directives|Constraints|Output Format|Tone Policy|System Metrics,Define behavior + limits + style,No unsafe authority claims,Markdown sections,Controlled and aligned,low
TPL_ROLE_BOUNDARY_V1,persona,Role Boundary Spec v1,Goal|Inputs Required|Directives|Constraints|Output Format|Tone Policy|System Metrics,Specify allowed vs forbidden actions,No policy invention,Markdown ruleset,Strict and clear,medium
TPL_CONVERSATION_STYLE_V1,persona,Conversation Style Spec v1,Goal|Inputs Required|Directives|Constraints|Output Format|Tone Policy|System Metrics,Define pacing + verbosity + tone,No emotional manipulation,Markdown bullets,Balanced and natural,low
TPL_RISK_MATRIX_V1,decision_analysis,Risk Matrix Spec v1,Goal|Inputs Required|Directives|Constraints|Output Format|Tone Policy|System Metrics,Identify risks + likelihood + impact,No false quantification,Markdown table,Analytical and sober,medium
TPL_COST_BENEFIT_V1,decision_analysis,Cost Benefit Spec v1,Goal|Inputs Required|Directives|Constraints|Output Format|Tone Policy|System Metrics,Compare costs vs gains,State assumptions clearly,Markdown table,Neutral and analytical,medium
TPL_PRIORITY_STACK_V1,decision_analysis,Priority Stack Spec v1,Goal|Inputs Required|Directives|Constraints|Output Format|Tone Policy|System Metrics,Rank items with justification,No hidden weighting,Markdown list,Direct and rational,medium
TPL_SCENARIO_ANALYSIS_V1,decision_analysis,Scenario Analysis Spec v1,Goal|Inputs Required|Directives|Constraints|Output Format|Tone Policy|System Metrics,Explore best/worst/likely cases,No predictions as facts,Markdown sections,Measured and cautious,medium
TPL_INCIDENT_RESPONSE_V1,customer_support,Incident Response Spec v1,Goal|Inputs Required|Directives|Constraints|Output Format|Tone Policy|System Metrics,Acknowledge issue + next steps,No blame or speculation,Markdown response blocks,Calm and reassuring,high
TPL_REFUND_COMMS_V1,customer_support,Refund Comms Spec v1,Goal|Inputs Required|Directives|Constraints|Output Format|Tone Policy|System Metrics,Explain decision + policy basis,No policy invention,Markdown email,Empathetic and firm,medium
TPL_ESCALATION_V1,customer_support,Escalation Handling Spec v1,Goal|Inputs Required|Directives|Constraints|Output Format|Tone Policy|System Metrics,Collect facts + route correctly,No premature promises,Markdown steps,Professional and calm,medium
TPL_TECH_RESEARCH_V1,research_summary,Technical Research Summary v1,Goal|Inputs Required|Directives|Constraints|Output Format|Tone Policy|System Metrics,Summarize methods + limits,No fabricated benchmarks,Markdown structured summary,Academic but accessible,medium
TPL_LIT_REVIEW_V1,research_summary,Literature Review Spec v1,Goal|Inputs Required|Directives|Constraints|Output Format|Tone Policy|System Metrics,Synthesize themes + gaps,No fake citations,Markdown sections,Scholarly and neutral,medium
TPL_ETL_PIPELINE_V1,data_ops,ETL Pipeline Spec v1,Goal|Inputs Required|Directives|Constraints|Output Format|Tone Policy|System Metrics,Define extract/transform/load,Preserve data integrity,Markdown workflow,Exact and procedural,medium
TPL_DATA_VALIDATION_V1,data_ops,Data Validation Spec v1,Goal|Inputs Required|Directives|Constraints|Output Format|Tone Policy|System Metrics,Define checks + thresholds,No silent drops,Markdown checklist,Strict and methodical,medium
TPL_SCHEMA_MIGRATION_V1,data_ops,Schema Migration Spec v1,Goal|Inputs Required|Directives|Constraints|Output Format|Tone Policy|System Metrics,Plan migration + rollback,No data loss assumptions,Markdown steps,Cautious and precise,high
TPL_PRESS_RELEASE_V1,marketing_copy,Press Release Spec v1,Goal|Inputs Required|Directives|Constraints|Output Format|Tone Policy|System Metrics,Announce news + context,No exaggerated claims,Markdown PR format,Formal and confident,medium
TPL_EMAIL_CAMPAIGN_V1,marketing_copy,Email Campaign Spec v1,Goal|Inputs Required|Directives|Constraints|Output Format|Tone Policy|System Metrics,Define audience + CTA,No spam tactics,Markdown email variants,Clear and persuasive,low
TPL_SOCIAL_COPY_V1,marketing_copy,Social Media Copy Spec v1,Goal|Inputs Required|Directives|Constraints|Output Format|Tone Policy|System Metrics,Generate platform-specific posts,No engagement bait,Markdown snippets,Concise and sharp,low
TPL_POLICY_DRAFT_V1,legal_comms,Policy Draft Spec v1,Goal|Inputs Required|Directives|Constraints|Output Format|Tone Policy|System Metrics,Draft internal/external policy,Not legal advice,Markdown policy doc,Formal and conservative,high
TPL_TOS_SUMMARY_V1,legal_comms,TOS Summary Spec v1,Goal|Inputs Required|Directives|Constraints|Output Format|Tone Policy|System Metrics,Summarize terms in plain language,No reinterpretation,Markdown bullets,Clear and restrained,high
TPL_COMPLIANCE_NOTICE_V1,legal_comms,Compliance Notice Spec v1,Goal|Inputs Required|Directives|Constraints|Output Format|Tone Policy|System Metrics,Notify users of compliance matters,No threats,Markdown notice,Neutral and formal,high
TPL_ONBOARDING_GUIDE_V1,product_ops,Onboarding Guide Spec v1,Goal|Inputs Required|Directives|Constraints|Output Format|Tone Policy|System Metrics,Define first-run steps + success criteria,No hidden prerequisites,Markdown step-by-step,Welcoming and clear,low
TPL_USER_JOURNEY_V1,product_ops,User Journey Spec v1,Goal|Inputs Required|Directives|Constraints|Output Format|Tone Policy|System Metrics,Map stages + touchpoints,No fictional data,Markdown flow,Analytical and empathetic,low
TPL_FEATURE_SPEC_V1,product_ops,Feature Spec v1,Goal|Inputs Required|Directives|Constraints|Output Format|Tone Policy|System Metrics,Define scope + acceptance criteria,No scope creep,Markdown spec,Clear and pragmatic,medium
TPL_RELEASE_NOTES_V1,product_ops,Release Notes Spec v1,Goal|Inputs Required|Directives|Constraints|Output Format|Tone Policy|System Metrics,Summarize changes + impacts,No marketing fluff,Markdown changelog,Neutral and factual,low
TPL_DEPRECATION_NOTICE_V1,product_ops,Deprecation Notice Spec v1,Goal|Inputs Required|Directives|Constraints|Output Format|Tone Policy|System Metrics,Explain timeline + alternatives,No abrupt cutoffs,Markdown notice,Respectful and clear,medium
TPL_AI_AGENT_BRIEF_V1,agent_design,AI Agent Brief v1,Goal|Inputs Required|Directives|Constraints|Output Format|Tone Policy|System Metrics,Define agent role + tools + limits,No autonomous authority claims,Markdown brief,Controlled and technical,medium
TPL_AGENT_EVAL_V1,agent_design,Agent Evaluation Spec v1,Goal|Inputs Required|Directives|Constraints|Output Format|Tone Policy|System Metrics,Define metrics + test cases,No unverifiable scores,Markdown tables,Analytical and strict,medium
TPL_AGENT_FAILURE_MODES_V1,agent_design,Agent Failure Modes Spec v1,Goal|Inputs Required|Directives|Constraints|Output Format|Tone Policy|System Metrics,Enumerate risks + mitigations,No panic framing,Markdown risk list,Calm and precise,high
TPL_AGENT_HANDOFF_V1,agent_design,Agent Handoff Spec v1,Goal|Inputs Required|Directives|Constraints|Output Format|Tone Policy|System Metrics,Define human-in-the-loop points,No full automation claims,Markdown flow,Responsible and cautious,high
TPL_AGENT_TOOLING_V1,agent_design,Agent Tooling Spec v1,Goal|Inputs Required|Directives|Constraints|Output Format|Tone Policy|System Metrics,Specify tools + permissions,No undeclared tool use,Markdown matrix,Exact and controlled,medium
TPL_DATASET_CARD_V1,data_governance,Dataset Card Spec v1,Goal|Inputs Required|Directives|Constraints|Output Format|Tone Policy|System Metrics,Describe source + limits + risks,No misleading claims,Markdown card,Transparent and neutral,medium
TPL_DATA_LICENSE_V1,data_governance,Data License Summary Spec v1,Goal|Inputs Required|Directives|Constraints|Output Format|Tone Policy|System Metrics,Summarize license terms,Not legal advice,Markdown bullets,Formal and clear,high
TPL_DATA_LINEAGE_V1,data_governance,Data Lineage Spec v1,Goal|Inputs Required|Directives|Constraints|Output Format|Tone Policy|System Metrics,Track origin + transformations,No gaps,Markdown diagram,Methodical and exact,medium
TPL_DATA_RETENTION_V1,data_governance,Data Retention Spec v1,Goal|Inputs Required|Directives|Constraints|Output Format|Tone Policy|System Metrics,Define retention + deletion rules,No ambiguity,Markdown policy,Strict and compliant,high
TPL_DATA_ACCESS_V1,data_governance,Data Access Spec v1,Goal|Inputs Required|Directives|Constraints|Output Format|Tone Policy|System Metrics,Define roles + permissions,No implicit access,Markdown table,Formal and controlled,high
TPL_PRIVACY_NOTICE_V1,compliance_policy,Privacy Notice Spec v1,Goal|Inputs Required|Directives|Constraints|Output Format|Tone Policy|System Metrics,Explain data usage plainly,No dark patterns,Markdown notice,Transparent and calm,high
TPL_GDPR_SUMMARY_V1,compliance_policy,GDPR Summary Spec v1,Goal|Inputs Required|Directives|Constraints|Output Format|Tone Policy|System Metrics,Summarize rights + duties,Not legal advice,Markdown bullets,Formal and neutral,high
TPL_RISK_ASSESSMENT_V1,compliance_policy,Risk Assessment Spec v1,Goal|Inputs Required|Directives|Constraints|Output Format|Tone Policy|System Metrics,Assess impact + mitigation,No false certainty,Markdown table,Serious and analytical,high
TPL_AUDIT_PREP_V1,compliance_policy,Audit Prep Spec v1,Goal|Inputs Required|Directives|Constraints|Output Format|Tone Policy|System Metrics,Prepare evidence + checklist,No retroactive claims,Markdown checklist,Professional and exact,high
TPL_INCIDENT_LOG_V1,compliance_policy,Incident Log Spec v1,Goal|Inputs Required|Directives|Constraints|Output Format|Tone Policy|System Metrics,Log facts + timeline,No speculation,Markdown log,Neutral and factual,high
TPL_COMMUNITY_GUIDELINES_V1,community_ops,Community Guidelines Spec v1,Goal|Inputs Required|Directives|Constraints|Output Format|Tone Policy|System Metrics,Define acceptable behavior,No moralizing,Markdown rules,Firm but respectful,medium
TPL_MODERATION_FLOW_V1,community_ops,Moderation Flow Spec v1,Goal|Inputs Required|Directives|Constraints|Output Format|Tone Policy|System Metrics,Define report + action flow,No bias assumptions,Markdown flowchart,Calm and procedural,medium
TPL_FEEDBACK_INTAKE_V1,community_ops,Feedback Intake Spec v1,Goal|Inputs Required|Directives|Constraints|Output Format|Tone Policy|System Metrics,Collect + categorize feedback,No dismissive language,Markdown form,Open and constructive,low
TPL_TRUST_SAFETY_V1,community_ops,Trust & Safety Spec v1,Goal|Inputs Required|Directives|Constraints|Output Format|Tone Policy|System Metrics,Define safety principles,No enforcement theatrics,Markdown principles,Serious and balanced,high
TPL_ESCALATION_MATRIX_V1,community_ops,Escalation Matrix Spec v1,Goal|Inputs Required|Directives|Constraints|Output Format|Tone Policy|System Metrics,Map severity to actions,No arbitrary decisions,Markdown matrix,Objective and firm,high
TPL_KPI_DEFINITION_V1,analytics,KPI Definition Spec v1,Goal|Inputs Required|Directives|Constraints|Output Format|Tone Policy|System Metrics,Define metrics + formulas,No vanity metrics,Markdown table,Analytical and exact,medium
TPL_DASHBOARD_SPEC_V1,analytics,Dashboard Spec v1,Goal|Inputs Required|Directives|Constraints|Output Format|Tone Policy|System Metrics,Define charts + filters,No misleading visuals,Markdown layout,Clear and data-driven,medium
TPL_EXPERIMENT_PLAN_V1,analytics,Experiment Plan Spec v1,Goal|Inputs Required|Directives|Constraints|Output Format|Tone Policy|System Metrics,Define hypothesis + metrics,No p-hacking,Markdown plan,Scientific and neutral,medium
TPL_ANALYSIS_REPORT_V1,analytics,Analysis Report Spec v1,Goal|Inputs Required|Directives|Constraints|Output Format|Tone Policy|System Metrics,Summarize findings + limits,No overclaiming,Markdown report,Objective and precise,medium
TPL_DATA_INSIGHTS_V1,analytics,Data Insights Spec v1,Goal|Inputs Required|Directives|Constraints|Output Format|Tone Policy|System Metrics,Extract actionable insights,No speculation,Markdown bullets,Clear and pragmatic,medium
TPL_INTERNAL_MEMO_V1,internal_comms,Internal Memo Spec v1,Goal|Inputs Required|Directives|Constraints|Output Format|Tone Policy|System Metrics,Communicate decisions internally,No vague directives,Markdown memo,Direct and professional,low
TPL_EXEC_SUMMARY_V1,internal_comms,Executive Summary Spec v1,Goal|Inputs Required|Directives|Constraints|Output Format|Tone Policy|System Metrics,Condense key points,No loss of nuance,Markdown summary,Concise and authoritative,low
TPL_DECISION_RECORD_V1,internal_comms,Decision Record Spec v1,Goal|Inputs Required|Directives|Constraints|Output Format|Tone Policy|System Metrics,Log decision + rationale,No hindsight edits,Markdown log,Neutral and factual,medium
TPL_RETRO_V1,internal_comms,Retrospective Spec v1,Goal|Inputs Required|Directives|Constraints|Output Format|Tone Policy|System Metrics,Reflect on wins + issues,No blame culture,Markdown retro,Constructive and honest,low
TPL_ACTION_PLAN_V1,internal_comms,Action Plan Spec v1,Goal|Inputs Required|Directives|Constraints|Output Format|Tone Policy|System Metrics,Define tasks + owners,No unclear ownership,Markdown checklist,Practical and firm,medium